date,song
2026-01-13,lv.m4a
2026-01-14,lv.m4a
2026-01-15,65.mp3
2026-01-16,143.mp3
2026-01-17,143.mp3
2026-01-18,22.mp3
2026-01-19,47.mp3
2026-01-20,10.m4a
2026-01-21,264.mp3
2026-01-22,33.mp3
2026-01-23,145.mp3
2026-01-24,4.m4a
2026-01-25,93.mp3
2026-01-26,18.mp3
2026-01-27,52.mp3
2026-01-28,236.mp3
2026-01-29,1.m4a
2026-01-30,40.mp3
2026-01-31,81.mp3
2026-02-01,15.mp3
2026-02-02,125.mp3
2026-02-03,29.mp3
2026-02-04,65.mp3
2026-02-05,7.m4a
2026-02-06,222.mp3
2026-02-07,55.mp3
2026-02-08,100.mp3
2026-02-09,17.mp3
2026-02-10,34.mp3
2026-02-11,5.m4a
2026-02-12,62.mp3
2026-02-13,89.mp3
2026-02-14,11.mp3
2026-02-15,147.mp3
2026-02-16,24.mp3
2026-02-17,49.mp3
2026-02-18,8.m4a
2026-02-19,135.mp3
2026-02-20,31.mp3
2026-02-21,66.mp3
2026-02-22,14.mp3
2026-02-23,365.mp3
2026-02-24,94.mp3
2026-02-25,21.mp3
2026-02-26,3.m4a
2026-02-27,122.mp3
2026-02-28,38.mp3
2026-03-01,59.mp3
2026-03-02,16.mp3
2026-03-03,85.mp3
2026-03-04,48.mp3
2026-03-05,26.mp3
2026-03-06,752.mp3
2026-03-07,44.mp3
2026-03-08,13.mp3
2026-03-09,27.mp3
2026-03-10,32.mp3
2026-03-11,99.mp3
2026-03-12,9.m4a
2026-03-13,39.mp3
2026-03-14,28.mp3
2026-03-15,19.mp3
2026-03-16,46.mp3
2026-03-17,12.mp3
2026-03-18,35.mp3
2026-03-19,67.mp3
2026-03-20,30.mp3
2026-03-21,20.mp3
2026-03-22,41.mp3
2026-03-23,23.mp3
2026-03-24,25.mp3
2026-03-25,43.mp3
2026-03-26,45.mp3
2026-03-27,50.mp3
2026-03-28,54.mp3
2026-03-29,53.mp3
2026-03-30,63.mp3
2026-03-31,64.mp3
2026-04-01,
2026-04-02,
2026-04-03,
2026-04-04,
2026-04-05,
2026-04-06,
2026-04-07,
2026-04-08,
2026-04-09,
2026-04-10,
2026-04-11,
2026-04-12,
2026-04-13,
2026-04-14,
2026-04-15,
2026-04-16,
2026-04-17,
2026-04-18,
2026-04-19,
2026-04-20,
2026-04-21,
2026-04-22,
2026-04-23,
2026-04-24,
2026-04-25,
2026-04-26,
2026-04-27,
2026-04-28,
2026-04-29,
2026-04-30,
2026-05-01,
2026-05-02,
2026-05-03,
2026-05-04,
2026-05-05,
2026-05-06,
2026-05-07,
2026-05-08,
2026-05-09,
2026-05-10,
2026-05-11,
2026-05-12,
2026-05-13,
2026-05-14,
2026-05-15,
2026-05-16,
2026-05-17,
2026-05-18,
2026-05-19,
2026-05-20,
2026-05-21,
2026-05-22,
2026-05-23,
2026-05-24,
2026-05-25,
2026-05-26,
2026-05-27,
2026-05-28,
2026-05-29,
2026-05-30,
2026-05-31,
2026-06-01,
2026-06-02,
2026-06-03,
2026-06-04,
2026-06-05,
2026-06-06,
2026-06-07,
2026-06-08,
2026-06-09,
2026-06-10,
2026-06-11,
2026-06-12,
2026-06-13,
2026-06-14,
2026-06-15,
2026-06-16,
2026-06-17,
2026-06-18,
2026-06-19,
2026-06-20,
2026-06-21,
2026-06-22,
2026-06-23,
2026-06-24,
2026-06-25,
2026-06-26,
2026-06-27,
2026-06-28,
2026-06-29,
2026-06-30,
2026-07-01,
2026-07-02,
2026-07-03,
2026-07-04,
2026-07-05,
2026-07-06,
2026-07-07,
2026-07-08,
2026-07-09,
2026-07-10,
2026-07-11,
2026-07-12,
2026-07-13,
2026-07-14,
2026-07-15,
2026-07-16,
2026-07-17,
2026-07-18,
2026-07-19,
2026-07-20,
2026-07-21,
2026-07-22,
2026-07-23,
2026-07-24,
2026-07-25,
2026-07-26,
2026-07-27,
2026-07-28,
2026-07-29,
2026-07-30,
2026-07-31,
2026-08-01,
2026-08-02,
2026-08-03,
2026-08-04,
2026-08-05,
2026-08-06,
2026-08-07,
2026-08-08,
2026-08-09,
2026-08-10,
2026-08-11,
2026-08-12,
2026-08-13,
2026-08-14,
2026-08-15,
2026-08-16,
2026-08-17,
2026-08-18,
2026-08-19,
2026-08-20,
2026-08-21,
2026-08-22,
2026-08-23,
2026-08-24,
2026-08-25,
2026-08-26,
2026-08-27,
2026-08-28,
2026-08-29,
2026-08-30,
2026-08-31,
2026-09-01,
2026-09-02,
2026-09-03,
2026-09-04,
2026-09-05,
2026-09-06,
2026-09-07,
2026-09-08,
2026-09-09,
2026-09-10,
2026-09-11,
2026-09-12,
2026-09-13,
2026-09-14,
2026-09-15,
2026-09-16,
2026-09-17,
2026-09-18,
2026-09-19,
2026-09-20,
2026-09-21,
2026-09-22,
2026-09-23,
2026-09-24,
2026-09-25,
2026-09-26,
2026-09-27,
2026-09-28,
2026-09-29,
2026-09-30,
2026-10-01,
2026-10-02,
2026-10-03,
2026-10-04,
2026-10-05,
2026-10-06,
2026-10-07,
2026-10-08,
2026-10-09,
2026-10-10,
2026-10-11,
2026-10-12,
2026-10-13,
2026-10-14,
2026-10-15,
2026-10-16,
2026-10-17,
2026-10-18,
2026-10-19,
2026-10-20,
2026-10-21,
2026-10-22,
2026-10-23,
2026-10-24,
2026-10-25,
2026-10-26,
2026-10-27,
2026-10-28,
2026-10-29,
2026-10-30,
2026-10-31,
2026-11-01,
2026-11-02,
2026-11-03,
2026-11-04,
2026-11-05,
2026-11-06,
2026-11-07,
2026-11-08,
2026-11-09,
2026-11-10,
2026-11-11,
2026-11-12,
2026-11-13,
2026-11-14,
2026-11-15,
2026-11-16,
2026-11-17,
2026-11-18,
2026-11-19,
2026-11-20,
2026-11-21,
2026-11-22,
2026-11-23,
2026-11-24,
2026-11-25,
2026-11-26,
2026-11-27,
2026-11-28,
2026-11-29,
2026-11-30,
2026-12-01,
2026-12-02,
2026-12-03,
2026-12-04,
2026-12-05,
2026-12-06,
2026-12-07,
2026-12-08,
2026-12-09,
2026-12-10,
2026-12-11,
2026-12-12,
2026-12-13,
2026-12-14,
2026-12-15,
2026-12-16,
2026-12-17,
2026-12-18,
2026-12-19,
2026-12-20,
2026-12-21,
2026-12-22,
2026-12-23,
2026-12-24,
2026-12-25,
2026-12-26,
2026-12-27,
2026-12-28,
2026-12-29,
2026-12-30,
2026-12-31,
2027-01-01,
2027-01-02,
2027-01-03,
2027-01-04,
2027-01-05,
2027-01-06,
2027-01-07,
2027-01-08,
2027-01-09,
2027-01-10,
2027-01-11,
2027-01-12,
2027-01-13,
2027-01-14,
2027-01-15,
2027-01-16,
2027-01-17,
2027-01-18,
2027-01-19,
2027-01-20,
2027-01-21,
2027-01-22,
2027-01-23,
2027-01-24,
2027-01-25,
2027-01-26,
2027-01-27,
2027-01-28,
2027-01-29,
2027-01-30,
2027-01-31,
2027-02-01,
2027-02-02,
2027-02-03,
2027-02-04,
2027-02-05,
2027-02-06,
2027-02-07,
2027-02-08,
2027-02-09,
2027-02-10,
2027-02-11,
2027-02-12,
2027-02-13,
2027-02-14,
2027-02-15,
2027-02-16,
2027-02-17,
2027-02-18,
2027-02-19,
2027-02-20,
2027-02-21,
2027-02-22,
2027-02-23,
2027-02-24,
2027-02-25,
2027-02-26,
2027-02-27,
2027-02-28,
2027-03-01,
2027-03-02,
2027-03-03,
2027-03-04,
2027-03-05,
2027-03-06,
2027-03-07,
2027-03-08,
2027-03-09,
2027-03-10,
2027-03-11,
2027-03-12,
2027-03-13,
2027-03-14,
2027-03-15,
2027-03-16,
2027-03-17,
2027-03-18,
2027-03-19,
2027-03-20,
2027-03-21,
2027-03-22,
2027-03-23,
2027-03-24,
2027-03-25,
2027-03-26,
2027-03-27,
2027-03-28,
2027-03-29,
2027-03-30,
2027-03-31,
2027-04-01,
2027-04-02,
2027-04-03,
2027-04-04,
2027-04-05,
2027-04-06,
2027-04-07,
2027-04-08,
2027-04-09,
2027-04-10,
2027-04-11,
2027-04-12,
2027-04-13,
2027-04-14,
2027-04-15,
2027-04-16,
2027-04-17,
2027-04-18,
2027-04-19,
2027-04-20,
2027-04-21,
2027-04-22,
2027-04-23,
2027-04-24,
2027-04-25,
2027-04-26,
2027-04-27,
2027-04-28,
2027-04-29,
2027-04-30,
2027-05-01,
2027-05-02,
2027-05-03,
2027-05-04,
2027-05-05,
2027-05-06,
2027-05-07,
2027-05-08,
2027-05-09,
2027-05-10,
2027-05-11,
2027-05-12,
2027-05-13,
2027-05-14,
2027-05-15,
2027-05-16,
2027-05-17,
2027-05-18,
2027-05-19,
2027-05-20,
2027-05-21,
2027-05-22,
2027-05-23,
2027-05-24,
2027-05-25,
2027-05-26,
2027-05-27,
2027-05-28,
2027-05-29,
2027-05-30,
2027-05-31,
2027-06-01,
2027-06-02,
2027-06-03,
2027-06-04,
2027-06-05,
2027-06-06,
2027-06-07,
2027-06-08,
2027-06-09,
2027-06-10,
2027-06-11,
2027-06-12,
2027-06-13,
2027-06-14,
2027-06-15,
2027-06-16,
2027-06-17,
2027-06-18,
2027-06-19,
2027-06-20,
2027-06-21,
2027-06-22,
2027-06-23,
2027-06-24,
2027-06-25,
2027-06-26,
2027-06-27,
2027-06-28,
2027-06-29,
2027-06-30,
2027-07-01,
2027-07-02,
2027-07-03,
2027-07-04,
2027-07-05,
2027-07-06,
2027-07-07,
2027-07-08,
2027-07-09,
2027-07-10,
2027-07-11,
2027-07-12,
2027-07-13,
2027-07-14,
2027-07-15,
2027-07-16,
2027-07-17,
2027-07-18,
2027-07-19,
2027-07-20,
2027-07-21,
2027-07-22,
2027-07-23,
2027-07-24,
2027-07-25,
2027-07-26,
2027-07-27,
2027-07-28,
2027-07-29,
2027-07-30,
2027-07-31,
2027-08-01,
2027-08-02,
2027-08-03,
2027-08-04,
2027-08-05,
2027-08-06,
2027-08-07,
2027-08-08,
2027-08-09,
2027-08-10,
2027-08-11,
2027-08-12,
2027-08-13,
2027-08-14,
2027-08-15,
2027-08-16,
2027-08-17,
2027-08-18,
2027-08-19,
2027-08-20,
2027-08-21,
2027-08-22,
2027-08-23,
2027-08-24,
2027-08-25,
2027-08-26,
2027-08-27,
2027-08-28,
2027-08-29,
2027-08-30,
2027-08-31,
2027-09-01,
2027-09-02,
2027-09-03,
2027-09-04,
2027-09-05,
2027-09-06,
2027-09-07,
2027-09-08,
2027-09-09,
2027-09-10,
2027-09-11,
2027-09-12,
2027-09-13,
2027-09-14,
2027-09-15,
2027-09-16,
2027-09-17,
2027-09-18,
2027-09-19,
2027-09-20,
2027-09-21,
2027-09-22,
2027-09-23,
2027-09-24,
2027-09-25,
2027-09-26,
2027-09-27,
2027-09-28,
2027-09-29,
2027-09-30,
2027-10-01,
2027-10-02,
2027-10-03,
2027-10-04,
2027-10-05,
2027-10-06,
2027-10-07,
2027-10-08,
2027-10-09,
2027-10-10,
2027-10-11,
2027-10-12,
2027-10-13,
2027-10-14,
2027-10-15,
2027-10-16,
2027-10-17,
2027-10-18,
2027-10-19,
2027-10-20,
2027-10-21,
2027-10-22,
2027-10-23,
2027-10-24,
2027-10-25,
2027-10-26,
2027-10-27,
2027-10-28,
2027-10-29,
2027-10-30,
2027-10-31,
2027-11-01,
2027-11-02,
2027-11-03,
2027-11-04,
2027-11-05,
2027-11-06,
2027-11-07,
2027-11-08,
2027-11-09,
2027-11-10,
2027-11-11,
2027-11-12,
2027-11-13,
2027-11-14,
2027-11-15,
2027-11-16,
2027-11-17,
2027-11-18,
2027-11-19,
2027-11-20,
2027-11-21,
2027-11-22,
2027-11-23,
2027-11-24,
2027-11-25,
2027-11-26,
2027-11-27,
2027-11-28,
2027-11-29,
2027-11-30,
2027-12-01,
2027-12-02,
2027-12-03,
2027-12-04,
2027-12-05,
2027-12-06,
2027-12-07,
2027-12-08,
2027-12-09,
2027-12-10,
2027-12-11,
2027-12-12,
2027-12-13,
2027-12-14,
2027-12-15,
2027-12-16,
2027-12-17,
2027-12-18,
2027-12-19,
2027-12-20,
2027-12-21,
2027-12-22,
2027-12-23,
2027-12-24,
2027-12-25,
2027-12-26,
2027-12-27,
2027-12-28,
2027-12-29,
2027-12-30,
2027-12-31,
2028-01-01,
2028-01-02,
2028-01-03,
2028-01-04,
2028-01-05,
2028-01-06,
2028-01-07,
2028-01-08,
2028-01-09,
2028-01-10,
2028-01-11,
2028-01-12,
2028-01-13,
2028-01-14,
2028-01-15,
2028-01-16,
2028-01-17,
2028-01-18,
2028-01-19,
2028-01-20,
2028-01-21,
2028-01-22,
2028-01-23,
2028-01-24,
2028-01-25,
2028-01-26,
2028-01-27,
2028-01-28,
2028-01-29,
2028-01-30,
2028-01-31,
2028-02-01,
2028-02-02,
2028-02-03,
2028-02-04,
2028-02-05,
2028-02-06,
2028-02-07,
2028-02-08,
2028-02-09,
2028-02-10,
2028-02-11,
2028-02-12,
2028-02-13,
2028-02-14,
2028-02-15,
2028-02-16,
2028-02-17,
2028-02-18,
2028-02-19,
2028-02-20,
2028-02-21,
2028-02-22,
2028-02-23,
2028-02-24,
2028-02-25,
2028-02-26,
2028-02-27,
2028-02-28,
2028-02-29,
2028-03-01,
2028-03-02,
2028-03-03,
2028-03-04,
2028-03-05,
2028-03-06,
2028-03-07,
2028-03-08,
2028-03-09,
2028-03-10,
2028-03-11,
2028-03-12,
2028-03-13,
2028-03-14,
2028-03-15,
2028-03-16,
2028-03-17,
2028-03-18,
2028-03-19,
2028-03-20,
2028-03-21,
2028-03-22,
2028-03-23,
2028-03-24,
2028-03-25,
2028-03-26,
2028-03-27,
2028-03-28,
2028-03-29,
2028-03-30,
2028-03-31,
2028-04-01,
2028-04-02,
2028-04-03,
2028-04-04,
2028-04-05,
2028-04-06,
2028-04-07,
2028-04-08,
2028-04-09,
2028-04-10,
2028-04-11,
2028-04-12,
2028-04-13,
2028-04-14,
2028-04-15,
2028-04-16,
2028-04-17,
2028-04-18,
2028-04-19,
2028-04-20,
2028-04-21,
2028-04-22,
2028-04-23,
2028-04-24,
2028-04-25,
2028-04-26,
2028-04-27,
2028-04-28,
2028-04-29,
2028-04-30,
2028-05-01,
2028-05-02,
2028-05-03,
2028-05-04,
2028-05-05,
2028-05-06,
2028-05-07,
2028-05-08,
2028-05-09,
2028-05-10,
2028-05-11,
2028-05-12,
2028-05-13,
2028-05-14,
2028-05-15,
2028-05-16,
2028-05-17,
2028-05-18,
2028-05-19,
2028-05-20,
2028-05-21,
2028-05-22,
2028-05-23,
2028-05-24,


