date,song
2026-01-23,794.mp3
2026-01-24,50.mp3
2026-01-25,17.mp3
2026-01-26,50.mp3
2026-01-27,37.mp3
2026-01-28,666.mp3
2026-01-29,89.mp3
2026-01-30,225.mp3
2026-01-31,25.mp3
2026-02-01,18.mp3
2026-02-02,7.m4a
2026-02-03,67.mp3
2026-02-04,29.mp3
2026-02-05,16.mp3
2026-02-06,53.mp3
2026-02-07,395.mp3
2026-02-08,335.mp3
2026-02-09,99.mp3
2026-02-10,265.mp3
2026-02-11,752.mp3
2026-02-12,64.mp3
2026-02-13,44.mp3
2026-02-14,236.mp3
2026-02-15,366.mp3
2026-02-16,31.mp3
2026-02-17,26.mp3
2026-02-18,49.mp3
2026-02-19,125.mp3
2026-02-20,93.mp3
2026-02-21,6.m4a
2026-02-22,19.mp3
2026-02-23,143.mp3
2026-02-24,346.mp3
2026-02-25,23.mp3
2026-02-26,34.mp3
2026-02-27,5.m4a
2026-02-28,59.mp3
2026-03-01,47.mp3
2026-03-02,32.mp3
2026-03-03,10.m4a
2026-03-04,24.mp3
2026-03-05,135.mp3
2026-03-06,720.mp3
2026-03-07,85.mp3
2026-03-08,27.mp3
2026-03-09,2.m4a
2026-03-10,163.mp3
2026-03-11,253.mp3
2026-03-12,81.mp3
2026-03-13,21.mp3
2026-03-14,13.mp3
2026-03-15,145.mp3
2026-03-16,331.mp3
2026-03-17,28.mp3
2026-03-18,147.mp3
2026-03-19,100.mp3
2026-03-20,38.mp3
2026-03-21,30.mp3
2026-03-22,48.mp3
2026-03-23,755.mp3
2026-03-24,3.m4a
2026-03-25,65.mp3
2026-03-26,9.m4a
2026-03-27,365.mp3
2026-03-28,794.mp3
2026-03-29,332.mp3
2026-03-30,52.mp3
2026-03-31,36.mp3
2026-04-01,42.mp3
2026-04-02,94.mp3
2026-04-03,345.mp3
2026-04-04,15.mp3
2026-04-05,22.mp3
2026-04-06,4.m4a
2026-04-07,663.mp3
2026-04-08,20.mp3
2026-04-09,40.mp3
2026-04-10,66.mp3
2026-04-11,62.mp3
2026-04-12,349.mp3
2026-04-13,50.mp3
2026-04-14,8.m4a
2026-04-15,222.mp3
2026-04-16,43.mp3
2026-04-17,54.mp3
2026-04-18,45.mp3
2026-04-19,12.mp3
2026-04-20,69.mp3
2026-04-21,797.mp3
2026-04-22,153.mp3
2026-04-23,792.mp3
2026-04-24,82.mp3
2026-04-25,63.mp3
2026-04-26,799.mp3
2026-04-27,339.mp3
2026-04-28,39.mp3
2026-04-29,122.mp3
2026-04-30,1.m4a
2026-05-01,41.mp3
2026-05-02,11.mp3
2026-05-03,33.mp3
2026-05-04,35.mp3
